{"metadata": {"description": "re-train after a restruction of training process", "num_epoch": 50, "batch_size": 8, "criterion": "MSELoss", "learning_rate": 0.0001}, "train_loss": [651.3397387695312, 646.2215509033203, 642.1299188232422, 638.8632843017579, 636.4040509033204, 634.323466796875, 632.3658929443359, 629.6284899902344, 626.0842626953125, 622.8076190185546, 619.7202593994141, 616.6826336669922, 613.9674884033203, 611.4615350341796, 609.3840997314453, 606.992398071289, 604.8488250732422, 602.8076715087891, 601.0610662841797, 599.2876348876953, 597.6683074951172, 596.0686145019531, 594.6687969970703, 593.4892877197266, 592.2543182373047, 591.035376586914, 589.6395776367187, 588.3642041015624, 587.3675280761719, 586.3304766845703, 585.3706817626953, 584.5221728515625, 583.7615411376953, 582.6225750732422, 582.2308245849609, 580.7380700683593, 579.6818682861328, 579.1147186279297, 577.8749627685547, 577.2386297607422, 576.3712658691406, 575.1241375732421, 574.2148785400391, 573.295673828125, 572.486167602539, 571.89478515625, 571.1448638916015, 570.492769165039, 569.8342712402343, 569.3704565429688], "val_loss": [685.550785609654, 676.7583792550223, 672.7633143833706, 670.1438075474331, 666.6279950823102, 665.8613804408482, 664.4344831194196, 659.8046221051898, 656.2669895717075, 654.6582423618862, 650.5797075544085, 649.0724530901227, 643.7630048479352, 644.4654889787946, 641.7952488490513, 641.5858415876116, 639.0187116350446, 634.2867911202567, 631.3221827915737, 631.5223345075335, 630.5660051618304, 628.0374407087054, 627.7947910853794, 626.8153686523438, 626.8312334333148, 626.9768763950893, 625.8502807617188, 624.4418073381696, 622.30466570173, 620.0308576311384, 621.7319030761719, 623.6503121512277, 622.5087367466518, 620.4079153878348, 619.5445861816406, 617.6923740931919, 616.7771388462612, 615.3785836356027, 614.4181692940848, 612.5953848702567, 612.5952061244419, 613.1263558523996, 612.4888349260602, 613.1065019880023, 611.5776759556362, 612.2423531668527, 611.5548924037388, 611.011945452009, 609.7561296735491, 612.3363080705915]}