{"metadata": {"description": "add thin algo"}, "train_loss": [1563.6208612060548, 1557.5306024169922, 1552.407198486328, 1547.587798461914, 1542.7701593017578, 1537.8187921142578, 1532.7635119628906, 1527.6420147705078, 1522.303657836914, 1516.7845849609375, 1513.7096862792969, 1512.6305316162109, 1512.0487725830078, 1511.489948120117, 1510.9482647705079, 1510.4180786132813, 1509.897178955078, 1509.3835412597657, 1508.8760235595703, 1508.3736798095704, 1508.0022052001952, 1507.945814819336, 1507.8940985107422, 1507.844130859375, 1507.7950433349608, 1507.7466302490234, 1507.698486328125, 1507.6505700683595, 1507.6029595947266, 1507.555414428711, 1507.5206713867187, 1507.5159289550782, 1507.5112420654298, 1507.5066357421874, 1507.5019409179688, 1507.497348022461, 1507.492739868164, 1507.4881329345703, 1507.4835461425782, 1507.479002685547, 1507.4756701660156, 1507.4754986572266, 1507.4752716064454, 1507.475073852539, 1507.4748510742188, 1507.4746435546874, 1507.4744299316405, 1507.4742364501953, 1507.4740032958985, 1507.473798828125], "val_loss": [1587.21826171875, 1611.4815016526443, 1605.0343064528245, 1600.5914916992188, 1596.2527184119592, 1591.6505643404448, 1586.7039184570312, 1581.034921499399, 1575.5489548903245, 1569.8271625225361, 1563.4952721228967, 1559.5651432917668, 1558.9603834885818, 1558.4008131760818, 1557.8558725210337, 1557.3217397836538, 1556.7955744816707, 1556.2759211613582, 1555.7633432241587, 1555.2550893930288, 1554.7521315354568, 1554.7113835261418, 1554.662602351262, 1554.615224984976, 1554.5679743840144, 1554.5211979792668, 1554.4740835336538, 1554.426753117488, 1554.3797513521636, 1554.3323692908655, 1554.2858041616587, 1554.2857853816106, 1554.2813392052283, 1554.276864858774, 1554.2723294771636, 1554.2679349459136, 1554.2635498046875, 1554.2591834435095, 1554.2546856219951, 1554.2504366361177, 1554.2459294245793, 1554.2461500901443, 1554.2459294245793, 1554.2457228440505, 1554.2455303485576, 1554.2452909029448, 1554.2451312725361, 1554.2449246920073, 1554.2446993314302, 1554.2444786658655, 1554.2443002554087]}