{"metadata": {"description": "train with masked BECLoss like it in paper", "num_epoch": 100, "criterion": "WeightedMaskedBCELoss", "batch_size": 8, "learning_rate": 5e-05}, "train_loss": [2.0337113904953004, 2.0013696718215943, 1.9793133282661437, 1.9446709179878234, 1.9066471648216248, 1.8714584851264953, 1.841780605316162, 1.8155591702461242, 1.788984067440033, 1.7628149318695068, 1.7420339059829713, 1.7257680916786193, 1.7139058303833008, 1.7014790725708009, 1.6895689177513122, 1.6762713718414306, 1.665076801776886, 1.6551657676696778, 1.6471058797836304, 1.6387653136253357, 1.6321198678016662, 1.6257446432113647, 1.6189113545417786, 1.6100336456298827, 1.601002824306488, 1.5936874151229858, 1.5885366320610046, 1.584243791103363, 1.5772249221801757, 1.5706686472892761, 1.564673662185669, 1.5608558893203734, 1.5571189761161803, 1.5564663791656494, 1.552821035385132, 1.5477106761932373, 1.5388446402549745, 1.5291907858848572, 1.52271231174469, 1.517129876613617, 1.5120996356010437, 1.5086305809020997, 1.5041179132461548, 1.4987014365196227, 1.4939837121963502, 1.4913829207420348, 1.4878434801101685, 1.4858348751068116, 1.481922948360443, 1.4762749767303467, 1.4697491073608397, 1.465202920436859, 1.4635842967033386, 1.4595342254638672, 1.4563773345947266, 1.4417139601707458, 1.4275674295425416, 1.4237599611282348, 1.4221668648719787, 1.4154558515548705, 1.4130212759971619, 1.4082883167266846, 1.406645486354828, 1.4005131316184998, 1.3949658489227295, 1.391618745326996, 1.3912429857254027, 1.3892219853401184, 1.385101535320282, 1.387989866733551, 1.390010097026825, 1.3863154244422913, 1.3785834288597107, 1.37515930891037, 1.3709472489356995, 1.3655058550834656, 1.3591545033454895, 1.3543953585624695, 1.349660530090332, 1.3481023621559143, 1.3456482410430908, 1.3458969855308534, 1.3416585993766785, 1.3375126147270202, 1.333246853351593, 1.3311301231384278, 1.3323640680313111, 1.3305376958847046, 1.3245921874046325, 1.3208100485801697, 1.3187443256378173, 1.3183965754508973, 1.3177812123298644, 1.3151078009605408, 1.3125102806091309, 1.3088469409942627, 1.3060256767272949, 1.306344997882843, 1.3020034098625184, 1.2974050164222717], "val_loss": [1.9891790279320307, 1.9427493001733507, 1.9222103272165572, 1.890400230884552, 1.8609244312558855, 1.8367931757654463, 1.8243216701916285, 1.7829208374023438, 1.7500049344130926, 1.7321511677333288, 1.722119288785117, 1.7048383866037642, 1.6953782950128828, 1.691219917365483, 1.6766604823725564, 1.6694814435073309, 1.6613182255199976, 1.6551347034318107, 1.6544117203780584, 1.6546214350632258, 1.6456866008894784, 1.6496625457491194, 1.6310841526303972, 1.6193935062204088, 1.61266051871436, 1.6060813111918313, 1.6037279239722662, 1.5980994190488542, 1.6021900091852461, 1.5947217004639762, 1.5947401481015342, 1.600402227469853, 1.6153866861547743, 1.608050708259855, 1.5953348917620522, 1.5866214292390006, 1.5781461596488953, 1.5838731995650701, 1.573313730103629, 1.5793561509677343, 1.5857108661106654, 1.5776208894593375, 1.57298116173063, 1.5758080312183924, 1.5780515926224845, 1.58407404593059, 1.5883857011795044, 1.5784944083009447, 1.5713541976043157, 1.5721811609608787, 1.5749292714255196, 1.561435912336622, 1.5709216935294015, 1.611845280442919, 1.593639565365655, 1.5832211460386003, 1.6067062786647253, 1.6070204292024886, 1.6057119795254298, 1.5967124700546265, 1.5936697125434875, 1.6511979826859065, 1.6539837292262487, 1.6103530015264238, 1.5719433512006487, 1.6100441600595201, 1.5998229810169764, 1.5987029586519514, 1.6153624483517237, 1.5708434241158622, 1.5788598656654358, 1.5517041512898035, 1.6299114567892892, 1.6442605767931258, 1.6086434892245702, 1.5931129711014884, 1.5674338936805725, 1.5720762312412262, 1.616475841828755, 1.6577129747186388, 1.634659469127655, 1.602070472070149, 1.5753443070820399, 1.5969655854361398, 1.6558583080768585, 1.7438131826264518, 1.6792283824511938, 1.610287376812526, 1.607033827475139, 1.6338072674615043, 1.735466914517539, 1.6693439483642578, 1.6332675048283167, 1.5882199364049094, 1.6857610642910004, 1.808386845248086, 1.7236329700265611, 1.6750384824616569, 1.6640366571290153, 1.709285672221865]}