{"metadata": {"description": "re-train with MSE after restruction of loss classes", "num_epoch": 50, "criterion": "WeightedMSELoss", "batch_size": 8, "learning_rate": 5e-05}, "train_loss": [654.8666021728516, 652.4170806884765, 650.3002105712891, 648.7903405761718, 647.3865356445312, 645.8746905517578, 644.3792028808593, 642.7752221679688, 641.0322247314454, 639.1490490722656, 637.1478375244141, 635.1087573242188, 633.1014324951171, 631.3881585693359, 629.6425494384765, 627.9947589111329, 626.4079119873047, 624.9553668212891, 623.6505908203125, 622.6328826904297, 621.2957165527343, 619.7401446533203, 618.238994140625, 617.253070678711, 616.1535009765626, 615.0084820556641, 613.8030108642578, 612.8300567626953, 612.1208020019532, 611.6828411865234, 611.0532946777344, 610.0032012939453, 609.1545495605469, 608.3431427001954, 607.5746759033203, 607.1534411621094, 606.9004406738281, 606.095302734375, 605.5528576660156, 605.0702880859375, 604.7681140136718, 603.7020758056641, 602.5080291748047, 602.0913739013672, 602.4775793457031, 602.5499829101562, 601.7930487060547, 600.7259088134765, 600.3109014892578, 599.5297216796876], "val_loss": [687.1156747000558, 684.049787248884, 681.5823364257812, 680.7599094935825, 679.5362200055804, 678.5928998674665, 676.3612932477679, 675.9577244349888, 672.7015293666294, 671.8172127859933, 668.370356968471, 667.7372654506138, 664.0763070242746, 662.8857727050781, 664.8992004394531, 664.2000427246094, 658.2967267717634, 658.04052734375, 656.5500357491629, 653.2041625976562, 655.0517839704241, 653.6022687639509, 654.2620457240513, 651.2524544852121, 652.2884129115513, 648.6653703962054, 650.2160164969308, 649.8543831961496, 652.1041303362165, 650.4391653878348, 650.8070983886719, 650.8642578125, 648.9408089773996, 647.1687534877232, 646.9889613560268, 643.9130467006138, 645.8532453264509, 642.7842581612723, 643.9643249511719, 651.6965985979352, 647.3916625976562, 643.2751900809152, 643.7824314662388, 643.1748962402344, 644.6695556640625, 646.2722909109933, 641.5058157784598, 649.97705078125, 645.9583522251675, 642.5781991141183]}