{"metadata": {"description": "train with NMS, Sobel for Gx and Gy", "num_epoch": 100, "criterion": "WeightedMSELoss", "batch_size": 8, "learning_rate": 1e-05}, "train_loss": [655.2664892578125, 653.3317327880859, 649.981650390625, 648.5927734375, 647.9800579833984, 647.4289373779297, 646.9137646484374, 646.4136798095703, 645.9179333496094, 645.4327435302735, 644.95015625, 644.4922161865235, 644.0922802734375, 643.6584942626953, 643.202622680664, 642.7378442382812, 642.3037933349609, 641.9038439941406, 641.4493389892579, 641.0304968261719, 640.6300512695312, 640.200283203125, 639.8278778076171, 639.5112811279297, 639.2031127929688, 638.95912109375, 638.4958142089844, 637.8928479003906, 637.3895001220703, 636.910908203125, 636.4734942626953, 636.0500042724609, 635.6601031494141, 635.2805407714844, 634.9686047363281, 634.6999517822265, 634.2402252197265, 633.917396850586, 633.4759747314453, 633.008427734375, 632.5731201171875, 632.1681982421875, 631.8503344726563, 631.7354406738282, 631.4484771728515, 630.8569256591796, 630.4521374511719, 630.200615234375, 629.9192846679688, 629.6290222167969, 629.3625689697266, 629.1434094238281, 628.9831604003906, 628.6923248291016, 628.3241687011719, 628.0739697265625, 627.8354718017578, 627.5244525146485, 627.2097052001953, 626.9839459228516, 626.7814923095704, 626.7781311035156, 626.4619458007812, 626.0426739501953, 625.7955242919921, 625.6054144287109, 625.3462158203125, 625.084613647461, 624.8981854248046, 624.7687585449219, 624.6822613525391, 624.4578594970703, 624.2499993896485, 624.0279266357422, 623.9391143798828, 623.6828350830078, 623.3357806396484, 623.145126953125, 623.0107385253906, 622.9225231933593, 622.7974078369141, 622.5864178466796, 622.3664538574219, 622.1415100097656, 622.0692248535156, 621.8408959960938, 621.6136267089844, 621.4213006591797, 621.2601080322265, 621.088681640625, 620.8424871826172, 620.6354852294921, 620.5138500976562, 620.4125848388671, 620.2694177246094, 620.151390991211, 619.9789111328125, 619.9326251220704, 619.8723651123047, 619.5990795898438], "val_loss": [686.7443455287388, 683.2168840680804, 680.3065883091518, 678.3517150878906, 677.6499285016741, 677.2318681989398, 676.720458984375, 676.0783255440848, 675.6925659179688, 675.1257455008371, 674.8172084263393, 674.2668849400112, 673.2689470563616, 673.1886901855469, 672.3789803641183, 671.9797668457031, 671.8801661900112, 671.001447405134, 670.8612932477679, 670.7248622349331, 669.9302411760602, 669.7937622070312, 669.9564906529018, 669.8193708147321, 670.3657095772879, 669.9343000139509, 668.0646580287388, 668.4719499860491, 667.7136797223773, 666.869140625, 667.1709420340402, 667.2578386579241, 665.2829328264509, 665.3503941127232, 666.8284388950893, 664.0146179199219, 664.4210510253906, 664.0297589983259, 664.1531720842634, 663.2532087053571, 662.3469325474331, 662.7455705915179, 662.9009835379464, 663.5648324148996, 663.0627877371652, 660.9814322335379, 660.4950779506138, 660.94826398577, 661.7656119210379, 660.1087733677456, 659.970698765346, 659.2309831891741, 661.3603646414621, 659.5339006696429, 658.632816859654, 658.3423113141741, 658.9900774274554, 658.4667619977679, 657.9297005789621, 660.8914751325335, 659.0866568429129, 657.6575753348214, 657.0659833635602, 656.9978550502232, 656.3137119838169, 656.5759844098773, 656.9180210658482, 656.0236511230469, 656.2032688685825, 655.7468130929129, 656.3714556012835, 657.5362941196987, 655.0457284109933, 654.6480276925223, 655.1624930245536, 655.5055803571429, 654.5128522600446, 655.7363542829241, 656.6945103236607, 654.7582353864398, 653.9915117536273, 653.6178632463727, 653.0976082938058, 653.2646135602679, 652.9656415666852, 653.3203255789621, 654.2600838797433, 655.6029706682477, 653.5366995675223, 652.4461103166852, 652.3275277273996, 652.1370849609375, 651.5464259556362, 651.6701311383929, 651.4898812430246, 651.9963989257812, 653.6341247558594, 652.9367021833148, 650.9197910853794, 651.0701468331473]}