{"metadata": {"description": "with validation loss, and replace the sum of loss of each layers to the average", "num_epoch": 100, "batch_size": 8, "criterion": "MSE", "learning_rate": 0.0001}, "train_loss": [646.9766403198242, 638.1126361083984, 634.1981024169922, 630.5711294555664, 626.5150378417969, 622.4954748535156, 618.8906384277344, 615.5174002075196, 612.1841345214843, 609.0253793334961, 605.8042279052735, 602.8032629394531, 599.5043835449219, 596.276360168457, 593.07744140625, 590.1828280639648, 587.6246707153321, 584.7152658081054, 581.8921017456055, 579.1556100463868, 577.4571600341797, 575.556626586914, 573.4221469116211, 571.126484375, 568.9016659545898, 566.6658981323242, 564.2702087402344, 562.2617276000976, 560.6450219726562, 558.9297924804688, 557.4237173461914, 555.2338217163086, 553.4841732788086, 552.1902291870117, 550.4837081909179, 548.3860372924805, 546.4672268676758, 544.5651553344727, 542.5564373779297, 541.1480847167969, 540.0245449829101, 538.7308279418945, 537.6378515625, 536.0190295410156, 535.2948300170898, 533.698095703125, 531.9962661743164, 531.0042282104492, 529.5344094848633, 528.0525582885742, 527.3867541503906, 526.2564556884765, 525.3552694702148, 524.3094360351563, 522.2317239379882, 520.6816390991211, 519.9270764160157, 519.1718664550781, 519.1624456787109, 518.8772872924804, 518.2910733032227, 517.347933959961, 515.9614990234375, 514.6870788574219, 513.998117980957, 512.9241381835938, 512.5402767944336, 511.81486236572266, 510.68943908691404, 509.29312286376955, 508.67327575683595, 507.22096862792966, 506.73991729736326, 506.05794342041014, 504.76742462158205, 503.3581085205078, 503.2213690185547, 502.8143698120117, 502.743088684082, 502.24382354736326, 501.206686706543, 500.2847787475586, 498.8762194824219, 497.4400305175781, 497.63833709716795, 497.32667877197264, 496.2714129638672, 495.2310461425781, 495.22194213867186, 494.413193359375, 492.8854962158203, 492.27100036621096, 492.61768920898436, 491.2853051757813, 490.30999145507815, 489.9271551513672, 489.9377899169922, 489.5753479003906, 489.12199310302736, 488.326907043457], "val_loss": [694.5094862717849, 687.3793569711538, 683.1830679086538, 679.5851698655349, 674.3212303748497, 670.2867149939904, 668.1092599722056, 666.0283015324519, 664.190908578726, 664.4226825420673, 658.4697946401743, 655.5271911621094, 651.116225022536, 650.2241656963641, 646.083482008714, 643.3747229942909, 638.2376145582932, 637.9997253417969, 634.0751413198618, 632.5857543945312, 634.712148813101, 630.3006826547476, 628.4154827411359, 627.6487262432391, 626.5260620117188, 622.9368755634015, 622.1657644418569, 619.4800649789663, 621.1205186110276, 619.282473050631, 615.793710561899, 615.1988900991587, 617.4752643291766, 617.1054499699519, 613.3285452035757, 611.5020963228666, 605.3608586237981, 604.7964125413162, 602.832033597506, 605.6106872558594, 603.7705594576322, 604.3530977689303, 607.6471299391526, 604.5563002366287, 603.5879281850962, 602.5824561485878, 599.3479402982272, 599.0010563777043, 597.7555213341346, 596.6539987417368, 598.202892596905, 596.6074993426984, 599.6876807579628, 597.6975355881912, 594.1799950232872, 594.7608619103065, 595.7049560546875, 598.382065993089, 603.3617107684796, 593.9234267014724, 599.2844613882212, 597.7027400090144, 594.6585951585037, 591.4651770958534, 593.2146277794471, 596.6041776216947, 601.1566819411057, 597.7174048790565, 593.7768085186298, 588.5387127216046, 590.6675555889423, 590.9675973745493, 589.9986877441406, 587.5827378493088, 588.0377525916466, 589.3332801231971, 593.2559204101562, 589.9137784517728, 581.6513319749099, 586.4534278282753, 589.7827406663162, 588.5772071251503, 589.8468064528245, 585.5292076697716, 589.0395977313702, 586.8113403320312, 590.4399930513822, 588.2037846491887, 585.5137188251202, 585.4163724459135, 583.4624821589543, 585.760756272536, 579.9102595402644, 579.3074082594651, 580.616708608774, 578.7974853515625, 577.2586975097656, 577.7161207932693, 580.6442378117488, 580.4699636606069]}