{"metadata": {"description": "with validation loss, and replace the sum of loss of each layers to the average", "num_epoch": 30, "batch_size": 8, "criterion": "MSE", "learning_rate": 0.0001}, "train_loss": [649.8005575561524, 642.0268420410156, 638.1998568725586, 634.8619250488281, 631.6076263427734, 628.6237545776368, 625.8688818359375, 623.2819836425781, 620.8197662353516, 616.897102355957, 613.6211364746093, 611.1084255981445, 609.0277627563477, 606.8893688964844, 604.6639437866211, 602.6873461914063, 600.5612493896484, 598.5974993896484, 596.5862271118164, 594.7494885253906, 592.4994073486328, 590.9780392456055, 589.1530267333984, 587.1588171386719, 585.4063897705078, 583.6185095214844, 581.3888558959961, 579.5479739379883, 575.5041983032227, 568.3530935668946], "val_loss": [4880.778057391827, 4840.087176983173, 4823.090932992788, 4812.878286508413, 4786.422025240385, 4772.503662109375, 4766.277137169471, 4758.419565054087, 4745.499755859375, 4699.96347280649, 4680.626089242788, 4667.690786508413, 4650.980938251202, 4632.108736478365, 4604.7587327223555, 4600.6713303786055, 4594.190317007212, 4589.8353928786055, 4574.65380859375, 4543.061673677885, 4556.467510516827, 4537.765286959135, 4536.552809495192, 4525.339975210337, 4510.6994065504805, 4510.471698467548, 4490.477088341346, 4473.612098106971, 4421.77304311899, 4412.713669996995]}