{"metadata": {"description": "More crazy!!! 200 epoch", "num_epoch": 200, "batch_size": 8, "criterion": "MSELoss", "learning_rate": 0.0001}, "train_loss": [649.6635845947266, 642.8128085327148, 637.5531616210938, 633.2204794311524, 629.5756335449219, 626.2887060546875, 623.1285504150391, 619.9403414916992, 616.7456634521484, 610.9424270629883, 604.7281936645508, 599.6104605102539, 595.1865539550781, 591.3596249389649, 587.8284356689453, 584.6123278808594, 581.5516403198242, 578.6982073974609, 576.07662109375, 573.6386700439454, 571.528471069336, 569.1748721313477, 566.9195840454101, 564.6812606811524, 562.4886105346679, 560.4984268188476, 558.5495690917969, 556.5812503051758, 554.7842602539063, 553.6628607177735, 552.0315496826172, 550.5989657592773, 549.4226632690429, 548.3923477172851, 546.8038265991211, 545.4039932250977, 544.1066357421874, 543.0048220825196, 542.1355963134765, 541.2879669189454, 540.4706228637696, 538.9318505859375, 537.5209521484375, 535.8265814208985, 534.1941659545898, 533.0427825927734, 531.9265686035156, 526.7590551757812, 524.4033746337891, 522.0082348632812, 520.1327615356445, 518.9102941894531, 517.8663760375977, 517.3040509033203, 515.9394955444336, 514.496301574707, 513.2559680175781, 511.8537341308594, 510.78939849853515, 510.2391418457031, 509.30874420166015, 508.42554443359376, 507.256457824707, 506.4239581298828, 505.5070767211914, 503.859423828125, 503.16968536376953, 502.0171713256836, 500.6641207885742, 500.2191687011719, 499.0936437988281, 497.97723083496095, 496.4187915039063, 495.3320254516602, 494.7903802490234, 494.5961538696289, 493.3454766845703, 492.63063354492186, 491.53612731933595, 490.90492156982424, 489.998776550293, 489.06501953125, 488.7321072387695, 488.41565093994143, 487.3918743896484, 486.7636193847656, 485.33756256103516, 484.7666796875, 484.32627990722654, 484.8230532836914, 484.4027325439453, 482.96941741943357, 481.83325256347655, 481.1674624633789, 480.138083190918, 479.40336944580076, 478.4446447753906, 477.09209899902345, 476.2922305297852, 476.23373626708985, 475.7735208129883, 475.04547119140625, 474.805986328125, 474.3784378051758, 474.5086895751953, 474.6592761230469, 473.4316394042969, 472.24730407714844, 472.6576123046875, 473.3480142211914, 473.0544714355469, 472.3770684814453, 470.7195571899414, 469.7453396606445, 468.8235659790039, 468.6727584838867, 469.0388372802734, 468.13649108886716, 467.1569549560547, 466.32468994140623, 466.36918975830076, 465.7915042114258, 464.87724060058594, 464.7773892211914, 464.424892578125, 463.7335287475586, 463.54350708007814, 463.292731628418, 462.76017608642576, 462.41405609130857, 461.74982208251953, 461.84629913330076, 461.49198669433594, 461.4872579956055, 461.0059774780273, 460.1603579711914, 459.8350006103516, 459.1807580566406, 458.0448840332031, 458.0298370361328, 457.88374481201174, 456.76952392578124, 456.0074475097656, 455.65887573242185, 455.080803527832, 454.0280044555664, 453.72428741455076, 453.79493255615233, 453.8084399414063, 454.02324127197267, 453.79356689453124, 453.20073272705076, 452.3980783081055, 451.68257232666014, 451.4565963745117, 451.66717132568357, 451.8216442871094, 451.04265075683594, 450.34833557128906, 450.16399658203125, 449.80247802734374, 449.5441506958008, 448.99522552490237, 448.8096340942383, 448.714557800293, 448.7411199951172, 448.50957763671875, 448.0774530029297, 448.0421844482422, 447.70125396728514, 448.5085888671875, 448.2068753051758, 447.6534802246094, 447.5844039916992, 447.2508349609375, 446.63309356689456, 446.0406701660156, 445.15617401123046, 444.63264923095704, 444.2892398071289, 444.5669799804688, 444.9565350341797, 445.14484344482423, 445.1908941650391, 443.97618865966797, 443.3514999389648, 443.0938003540039, 444.11369079589844, 443.66508056640623, 442.84056213378904, 442.5464178466797, 442.74833404541016, 442.46908477783205, 442.5903045654297, 442.16016082763673, 442.0959796142578, 441.9244055175781, 440.9751412963867, 440.5670812988281, 440.3409573364258], "val_loss": [701.7112309382512, 691.923574594351, 685.8839252178485, 681.9429837740385, 677.9409109262319, 674.5962430513822, 671.2773766150841, 668.3338763897235, 665.1408902681791, 657.4517775315505, 652.1363736666166, 648.6408949631912, 645.888916015625, 641.842517559345, 639.7076932466947, 635.8199040339543, 634.1103726900541, 631.7109586275541, 629.5875361515925, 627.9489487868088, 624.2757990910457, 622.7486689640925, 620.4086726262019, 618.8504474346454, 617.4026090181791, 613.3640864445613, 613.0128549429087, 610.7774165226863, 611.2927739070012, 610.6600247896635, 612.331284743089, 610.7345017653245, 611.0734393780048, 605.310298039363, 603.8558373084435, 603.9882131723257, 603.8406160794772, 603.5507061298077, 604.2674654447115, 600.6939955491287, 600.1391014685997, 598.8398273174579, 600.3667273888221, 599.1908827561599, 596.9133723332332, 597.9571721003606, 594.7042118952825, 591.393810565655, 593.8449331430288, 592.1432753342849, 594.4998075045072, 598.2810457669772, 594.2256094125601, 593.1003652719351, 589.4034869854266, 588.4285630446213, 588.8666804387019, 584.7145690917969, 585.9537071814904, 586.6183025653546, 583.7683645395132, 583.0531287560096, 582.8365807166466, 589.4012474646935, 591.4055621807391, 589.4740717961238, 585.1200092022235, 581.9785766601562, 585.2158649151141, 581.607168344351, 577.068361722506, 581.5321772648738, 581.7930438701923, 583.7805480957031, 578.6614285982572, 581.0716928335337, 580.9843538724459, 581.9203232985276, 583.5169396033654, 577.8462970440204, 576.9191448505109, 578.5312218299279, 574.3923856295072, 574.025376539964, 577.4242999737079, 574.7433847280649, 575.4445213904747, 577.6443199744591, 576.9906944861779, 577.838632436899, 579.711909367488, 576.0633990948016, 573.9429438664363, 571.8486539400541, 571.3871319110577, 572.2279146634615, 575.71483201247, 572.9850299541766, 571.7107215294471, 569.6192932128906, 569.8643188476562, 569.4755272498497, 570.0904306265024, 569.2166348970853, 570.7142662635216, 569.0331561748798, 571.0421424278846, 572.7178532527043, 573.7721322866587, 570.7199542705829, 575.2879826472356, 573.4647850623497, 575.3171950120193, 572.4791189340444, 572.5831909179688, 573.5913719764122, 568.9976618840144, 566.702878511869, 566.0760991023137, 567.7278207632212, 563.5471637432391, 564.4947157639724, 565.6782484788162, 573.3060067983774, 570.8223970853365, 567.8213900052584, 567.5300645094651, 567.8207068810096, 570.6523766150841, 565.1581045297476, 564.6462730994591, 567.3895052396334, 570.059800368089, 564.748300405649, 564.1900986891526, 566.5826509915865, 569.5588191105769, 568.5888202373798, 565.8526376577524, 563.8237069936899, 564.3973200871394, 564.1989065317007, 566.5159583458534, 563.5010211651141, 564.0143409142128, 566.0529362605168, 569.0208740234375, 564.8602154071515, 565.3873713566707, 566.7065852238582, 574.1258568396935, 569.7351332444412, 567.0497248722957, 564.9624985914963, 566.7634723369891, 567.4097571739784, 566.6849365234375, 562.3291931152344, 563.1646399864784, 563.9472139798678, 564.3084247295673, 563.3983177771935, 564.4760108360878, 565.0821040226863, 568.2705899752103, 567.9172738882212, 563.839829664964, 565.97657423753, 569.9252155010516, 568.2846937913162, 564.2733576847957, 561.5820993276743, 561.290048452524, 562.9144991361178, 568.904299222506, 564.2308138333834, 565.9251521183894, 562.9353848970853, 565.442126934345, 568.3607318584735, 565.8260779747596, 561.2870858999399, 560.9578786996694, 560.5912123460037, 564.9661114032452, 566.8888690655048, 563.414560171274, 565.3639268141526, 564.6314814640925, 563.754873422476, 563.0329777644231, 565.3397545447716, 562.9351266714243, 561.0537860576923, 564.6803682767428, 563.691655085637, 561.6404653695913, 564.3783076359675, 565.3360760028546, 563.4491530198318]}