{"metadata": {"description": "with validation loss, and replace the sum of loss of each layers to the average", "num_epoch": 30, "batch_size": 8, "criterion": "MSE", "learning_rate": 0.0001}, "train_loss": [649.8005575561524, 642.0268420410156, 638.1998568725586, 634.8619250488281, 631.6076263427734, 628.6237545776368, 625.8688818359375, 623.2819836425781, 620.8197662353516, 616.897102355957, 613.6211364746093, 611.1084255981445, 609.0277627563477, 606.8893688964844, 604.6639437866211, 602.6873461914063, 600.5612493896484, 598.5974993896484, 596.5862271118164, 594.7494885253906, 592.4994073486328, 590.9780392456055, 589.1530267333984, 587.1588171386719, 585.4063897705078, 583.6185095214844, 581.3888558959961, 579.5479739379883, 575.5041983032227, 568.3530935668946], "val_loss": [697.2540081988325, 691.4410252833104, 689.0129904275411, 687.5540409297734, 683.7745750343407, 681.7862374441964, 680.8967338813529, 679.7742235791553, 677.9285365513393, 671.42335325807, 668.6608698918269, 666.8129695012019, 664.4258483216003, 661.7298194969093, 657.8226761031937, 657.2387614826579, 656.3129024296016, 655.6907704112293, 653.52197265625, 649.0088105254121, 650.9239300738325, 648.252183851305, 648.0789727850275, 646.4771393157624, 644.3856295072115, 644.3530997810783, 641.4967269059065, 639.0874425867102, 631.6818633027129, 630.3876671424279]}