{"description": "Add NMS at end, using edge for gradient, and edge itself as norm.", "num_epoch": 100, "batch_size": 4, "learning_rate": 1e-05, "train_losses": [3.4498206043243407, 3.425691747665405, 3.416008224487305, 3.410385627746582, 3.4064740109443665, 3.4035376834869386, 3.4011741638183595, 3.3992111921310424, 3.397582588195801, 3.396192605495453, 3.395413665771484, 3.3952600073814394, 3.3951311349868774, 3.3950017952919005, 3.3948784637451173, 3.3947556114196775, 3.394631977081299, 3.3945102500915527, 3.394389455318451, 3.39426926612854, 3.3941835165023804, 3.3941662240028383, 3.3941523575782777, 3.3941396117210387, 3.3941269659996034, 3.3941140007972717, 3.394101183414459, 3.3940881299972534, 3.3940751147270203, 3.3940619111061094, 3.394051926136017, 3.394050643444061, 3.394049324989319, 3.3940479803085326, 3.394046621322632, 3.3940452265739443, 3.394043905735016, 3.394042510986328, 3.394041085243225, 3.394039695262909, 3.3940386748313904, 3.3940386390686035, 3.3940386080741884, 3.3940385007858276, 3.394038441181183, 3.3940383911132814, 3.394038345813751, 3.3940382742881776, 3.394038207530975, 3.394038143157959, 3.394038052558899, 3.3940380573272706, 3.394038052558899, 3.3940380573272706, 3.3940380573272706, 3.3940380573272706, 3.3940380573272706, 3.3940380573272706, 3.394038052558899, 3.394038052558899, 3.394038052558899, 3.394038062095642, 3.394038062095642, 3.3940380573272706, 3.3940380573272706, 3.394038062095642, 3.3940380573272706, 3.394038052558899, 3.3940380573272706, 3.394038052558899, 3.3940380573272706, 3.394038052558899, 3.394038052558899, 3.394038052558899, 3.394038052558899, 3.394038052558899, 3.394038052558899, 3.394038052558899, 3.394038052558899, 3.394038052558899, 3.394038052558899, 3.394038052558899, 3.394038052558899, 3.394038052558899, 3.394038052558899, 3.394038052558899, 3.394038052558899, 3.394038052558899, 3.394038052558899, 3.394038052558899, 3.394038052558899, 3.394038052558899, 3.394038052558899, 3.394038052558899, 3.394038052558899, 3.394038052558899, 3.394038052558899, 3.394038052558899, 3.394038052558899, 3.394038052558899], "val_losses": [4.201270699501038, 3.807485525424664, 3.797544791148259, 3.7904933049128604, 3.7856414868281436, 3.7821884705470157, 3.7798613768357496, 3.7780836728902965, 3.776655536431533, 3.775387562238253, 3.7745594061337986, 3.7744775185218225, 3.7743176221847534, 3.7742065649766188, 3.774096672351544, 3.7739848448679996, 3.773870798257681, 3.773755275286161, 3.7736391104184666, 3.7735249996185303, 3.7734119433623095, 3.7733112298525295, 3.773305599506085, 3.773295659285325, 3.773283545787518, 3.773272312604464, 3.773260098237258, 3.7732485899558434, 3.77323619218973, 3.773224638058589, 3.773212983058049, 3.773203840622535, 3.7732023367514977, 3.773200887900132, 3.7731994207088766, 3.773197889328003, 3.7731964679864736, 3.7731951291744528, 3.773193570283743, 3.7731920939225416, 3.773190663411067, 3.7731897555864773, 3.773189718906696, 3.7731896547170787, 3.773189581357516, 3.773189507997953, 3.773189452978281, 3.773189361278827, 3.773189352108882, 3.7731892420695377, 3.773189223729647, 3.773189223729647, 3.773189223729647, 3.773189223729647, 3.773189223729647, 3.773189223729647, 3.773189223729647, 3.773189223729647, 3.773189223729647, 3.773189223729647, 3.773189223729647, 3.773189223729647, 3.773189223729647, 3.773189223729647, 3.773189223729647, 3.773189223729647, 3.773189223729647, 3.773189223729647, 3.773189223729647, 3.773189223729647, 3.773189223729647, 3.773189223729647, 3.773189223729647, 3.773189223729647, 3.773189223729647, 3.773189223729647, 3.773189223729647, 3.773189223729647, 3.773189223729647, 3.773189223729647, 3.773189223729647, 3.773189223729647, 3.773189223729647, 3.773189223729647, 3.773189223729647, 3.773189223729647, 3.773189223729647, 3.773189223729647, 3.773189223729647, 3.773189223729647, 3.773189223729647, 3.773189223729647, 3.773189223729647, 3.773189223729647, 3.773189223729647, 3.773189223729647, 3.773189223729647, 3.773189223729647, 3.773189223729647, 3.773189223729647, 3.773189223729647]}