{"metadata": {"description": "train edge classification", "num_epoch": 50, "criterion": "WeightedBCELoss", "batch_size": 8, "learning_rate": 0.0001}, "train_loss": [0.046141412556171414, 0.045719313621521, 0.045463899448513985, 0.04521129012107849, 0.04499460823833942, 0.04479495219886303, 0.04463488899171352, 0.04447563864290714, 0.044238017573952675, 0.04405878059566021, 0.04417104423046112, 0.04367250651121139, 0.043551323860883714, 0.04322040915489197, 0.04297276370227337, 0.042619111612439156, 0.0424176611751318, 0.042383985817432406, 0.04232581838965416, 0.042099403887987136, 0.04214306935667991, 0.041698142662644384, 0.04143023662269116, 0.04128489047288895, 0.041101064234972, 0.04092686966061592, 0.040702529549598694, 0.04048341669142246, 0.040322286039590836, 0.04034811042249203, 0.040133795514702794, 0.039958568066358564, 0.039913421347737316, 0.039695699736475944, 0.03946998760104179, 0.03934416860342026, 0.039327629134058954, 0.03910917401313782, 0.038913738280534745, 0.038743787258863446, 0.03858883254230022, 0.03835604511201382, 0.038061339557170865, 0.03782329238951206, 0.03776096984744072, 0.03754896052181721, 0.03744339987635612, 0.03731296092271805, 0.03712658740580082, 0.03694945935159922], "val_loss": [0.049731013498135974, 0.048460233956575394, 0.04817970150283405, 0.04795031622052193, 0.04777061673147338, 0.047588252063308446, 0.04755033126899174, 0.0472918094268867, 0.04694830785904612, 0.04762648418545723, 0.04679098725318909, 0.04645820600645883, 0.046303527163607736, 0.04581739700266293, 0.04580757500869887, 0.04616609322173255, 0.045625698885747364, 0.045795961150101254, 0.04635912712131228, 0.045854375298534124, 0.04631531877177102, 0.045276480593851635, 0.0452623287481921, 0.04699706978031567, 0.04590996354818344, 0.04797668967928205, 0.045318523687975745, 0.046024613614593236, 0.04568365163036755, 0.04599697355713163, 0.046306702707495005, 0.04523799728069987, 0.04465660346405847, 0.04509444162249565, 0.043886193739516396, 0.044681484677961895, 0.04359914468867438, 0.044553889227764945, 0.04470485023089817, 0.04441708911742483, 0.04484078234859875, 0.044006221528564184, 0.04512421999658857, 0.04716655558773449, 0.04573111023221697, 0.04666997226221221, 0.04513076852474894, 0.04544122304235186, 0.04381861750568662, 0.04470820991056306]}