{"metadata": {"description": "add non-max suppression", "num_epoch": 100, "batch_size": 8, "criterion": "MSELoss", "learning_rate": 0.0001}, "train_loss": [640.0097491455078, 629.5343734741211, 623.7767736816406, 619.4974826049805, 615.863890991211, 612.5713162231445, 609.4899569702148, 606.4655853271485, 603.3662310791016, 600.3975448608398, 598.3986776733399, 596.3490731811523, 594.5447857666015, 593.2865570068359, 591.6997402954102, 590.0987991333008, 589.0823788452149, 588.2487451171875, 586.9666510009765, 585.9510272216797, 584.7913339233398, 583.1766262817383, 581.6500341796875, 580.4561569213868, 579.6375997924805, 578.4642391967774, 577.2642056274414, 575.8683099365235, 574.3255313110352, 573.4580975341797, 572.4060119628906, 570.5776306152344, 568.5303012084961, 566.4954736328125, 565.4056442260742, 564.9593389892578, 563.9721694946289, 562.6678350830078, 561.3634561157227, 559.9014596557618, 557.5299774169922, 555.942299194336, 555.215463256836, 554.9299566650391, 553.8767553710937, 552.5054251098633, 551.8499819946289, 550.5578768920899, 549.7636697387695, 548.9001779174805, 548.2390725708008, 548.0997668457031, 547.4054711914063, 546.3505975341797, 545.6700216674805, 545.4143026733399, 544.8440515136718, 544.0840414428711, 542.9304714965821, 542.444115600586, 542.262331237793, 541.8766067504882, 541.3607284545899, 540.0134481811524, 540.0842977905273, 538.9291787719726, 538.3377294921875, 537.3603036499023, 536.4351364135742, 535.497963256836, 534.9169812011719, 534.3798400878907, 533.6305212402344, 533.4470742797852, 532.7160202026367, 532.2248147583008, 532.2120199584961, 531.9005487060547, 531.1970611572266, 531.0914752197266, 530.6905606079101, 530.0468783569336, 529.6781759643554, 529.189489440918, 528.772788696289, 528.1591040039062, 527.6208178710938, 526.9572732543945, 526.1258779907226, 525.8059933471679, 525.8371432495118, 525.3774566650391, 524.9468576049804, 524.093706665039, 523.1875936889649, 522.4438226318359, 521.8396475219727, 521.2576580810547, 520.7900659179687, 520.6635198974609], "val_loss": [686.0018850473257, 678.2670734112079, 673.3113192044772, 668.6042879544772, 665.2392202524038, 662.1489633413462, 659.0423795259916, 656.9903634878306, 655.2700007512019, 652.6111403245193, 651.7115079439603, 649.8932096041166, 649.1693279559796, 648.6554776705228, 647.8376277043269, 646.7261610764724, 645.5896888146034, 645.3801081730769, 643.7948843149038, 644.1134314903846, 643.8335688664363, 643.7669349083534, 643.7194026066707, 645.8305851862981, 643.1112576998197, 643.5556804950421, 641.2525235689603, 641.1577218862681, 641.0772493802584, 640.2769658015325, 638.6080416165865, 641.4622544508713, 639.1664287860577, 637.5946983924279, 636.6560269869291, 636.749253493089, 636.5128760704628, 636.3934255746694, 637.0663287823016, 636.0654578575721, 635.7323209322416, 636.2684279221755, 637.4052288348859, 637.9728370079628, 634.8281672551082, 634.1992985652043, 635.5361680250901, 640.9864431527944, 637.960939847506, 636.7328350360577, 637.8685467059796, 639.1960707444412, 636.3138944185697, 636.9054189828726, 637.927487886869, 635.9659282977765, 635.7103388859675, 637.5548588679387, 638.3374798114484, 639.8270240196815, 637.4025526780349, 634.9438899113582, 634.4875934307391, 635.5677161583534, 636.1015202448918, 634.6564354529747, 632.997812124399, 633.6440077561599, 634.02491408128, 633.3690819373497, 634.0308837890625, 635.6300189678485, 640.5555631197416, 634.7499295748197, 633.4748699481671, 633.4603365384615, 634.6966317983774, 635.568359375, 637.6836148775541, 637.6131192720853, 634.7078035794772, 633.3163217397837, 634.824704683744, 635.087155855619, 633.4662428635818, 633.5048640324519, 633.5223341721755, 636.0144958496094, 634.0090660682091, 634.2047776442307, 631.8495366023137, 634.5206862229568, 633.6921762319712, 637.039794921875, 632.9886286808894, 632.6802039513221, 632.0868154672476, 633.6308781550481, 637.2423306978666, 634.0479783278245]}