{"metadata": {"description": "try with 0.9 MAE + 0.1 MSE", "num_epoch": 100, "criterion": "WeightedLinearCombineLoss", "batch_size": 8, "learning_rate": 1e-05}, "train_loss": [68.68026809692383, 68.64047607421875, 68.61185523986816, 68.58351974487304, 68.55082572937012, 68.5135018157959, 68.472474899292, 68.43118576049805, 68.38894386291504, 68.34495162963867, 68.302900390625, 68.25844047546387, 68.21430595397949, 68.16831771850586, 68.12372657775879, 68.08389266967774, 68.04453178405761, 68.00664436340332, 67.96417549133301, 67.92434333801269, 67.88902076721192, 67.85945381164551, 67.83037422180176, 67.7958130645752, 67.7503939819336, 67.71909805297851, 67.68964599609374, 67.65768440246582, 67.6257048034668, 67.6058699798584, 67.58208305358886, 67.55420623779297, 67.52766738891602, 67.5069108581543, 67.4861685180664, 67.45782844543457, 67.44571983337403, 67.43849494934082, 67.4080818939209, 67.38979995727539, 67.38548515319825, 67.363037109375, 67.34173271179199, 67.33494430541992, 67.30923545837402], "val_loss": [72.03918784005302, 71.99155752999442, 71.94910430908203, 71.91014971051898, 71.86763109479632, 71.82347815377372, 71.79094205583844, 71.75122124808175, 71.74039350237165, 71.74107088361468, 71.63916288103376, 71.63802882603237, 71.57524762834821, 71.53382383074079, 71.47012656075614, 71.40923091343471, 71.40314102172852, 71.44358553205218, 71.36667796543666, 71.22815050397601, 71.16903741019112, 71.1665153503418, 71.23863002232143, 71.11964906964984, 71.00801304408482, 70.99205289568219, 71.0956791469029, 71.10309873308454, 70.9115126473563, 70.88945170811245, 71.10342025756836, 70.95404652186802, 70.8442132132394, 70.85317884172711, 70.85191999162946, 70.805725642613, 70.76820482526507, 70.77537100655692, 70.7439193725586, 70.69999040876117, 70.81158883231026, 70.70918927873883, 70.74631064278739, 70.9481816973005, 71.07794025966099]}