{"metadata": {"description": "add NMS, Canny filter for Gx and Gy", "num_epoch": 100, "batch_size": 8, "criterion": "MSELoss", "learning_rate": 0.0001}, "train_loss": [647.7779647827149, 636.5498034667969, 629.8177453613281, 626.3993243408203, 624.0332815551758, 622.1370806884765, 620.4795321655273, 618.9049749755859, 617.4305084228515, 616.0420385742187, 614.6438931274414, 613.2150180053711, 612.2203939819336, 610.7828463745117, 607.6328326416016, 603.2250598144532, 599.3665185546874, 596.8831521606445, 595.0859368896485, 593.7497540283204, 592.7956280517578, 592.1094769287109, 591.0072296142578, 589.617706604004, 588.7493603515625, 588.0136853027344, 586.4541857910157, 584.9944033813476, 583.9281253051757, 582.837158203125, 581.4030114746093, 579.7207052612305, 578.5853762817383, 577.1031759643555, 575.3095098876953, 573.9931558227539, 573.2141607666016, 572.434613647461, 570.488568725586, 569.4668682861328, 568.3623297119141, 566.1526168823242, 564.8462109375, 563.923860168457, 563.4546203613281, 562.0340270996094, 560.9898645019531, 559.2688519287109, 557.3641662597656, 556.2034619140625, 555.3159426879882, 554.5355139160156, 553.638635559082, 552.4058087158203, 550.8376522827149, 548.9988488769532, 547.1576455688477, 546.325805053711, 545.1852416992188, 543.9055590820312, 542.8721453857422, 541.4264260864257, 539.7641906738281, 537.6708917236328, 535.9331039428711, 535.7820266723633, 535.0823760986328, 532.8791165161133, 530.3364916992188, 528.5548315429687, 526.8993716430664, 523.7337826538086, 525.2137408447265, 524.5484744262695, 522.7287683105469, 520.1993103027344, 517.3059631347656, 517.0000604248047, 513.7112115478516, 513.4515036010743, 512.4037994384765, 510.30333038330076, 507.27009368896483, 505.22205963134763, 504.4459097290039, 504.7897076416016, 504.45685607910156, 501.87500640869143, 498.76315338134765, 496.0059231567383, 495.2880453491211, 494.7438461303711, 493.0033645629883, 490.7407080078125, 489.6542004394531, 489.7702932739258, 487.8139437866211, 484.95280670166017, 484.3462799072266, 482.663137512207], "val_loss": [695.3906531700721, 682.571767953726, 677.2847876915565, 675.0049532376803, 672.7822429950421, 671.2144329364484, 670.2857853816106, 669.1152038574219, 668.1472003643329, 666.6029428335337, 665.1234529935397, 664.8737722543569, 664.5278484637921, 662.9058532714844, 657.1216641939603, 653.5791320800781, 649.2297715407151, 648.9520639272837, 648.4775015024038, 646.7660498985878, 646.9779545710637, 648.7885812612681, 645.482435960036, 644.0242262620193, 643.7418987567609, 643.6711848332332, 641.2714515099159, 641.5855712890625, 642.0693758451022, 641.0878835824819, 641.7986403245193, 638.9116774338943, 638.5653897798978, 636.7191443810096, 636.8821505033053, 637.6880375788762, 636.118657038762, 634.1956176757812, 634.210453913762, 634.2929382324219, 634.7051555926984, 634.821547288161, 634.9825110802284, 632.2570988581731, 631.756587101863, 633.1301339956431, 630.122807429387, 629.4821542593149, 630.0742469200721, 631.9027921236478, 630.7860576923077, 631.5981234036959, 633.2999807504507, 634.6503155048077, 630.4407559908353, 629.7436992938702, 634.5558236929087, 632.6965566781851, 630.8512690617488, 629.3411348783053, 629.3201270470253, 630.2368962214543, 629.4321101262019, 630.4160977877103, 638.3592693622296, 630.1182227501503, 626.9443641075721, 624.5164489746094, 625.0155005821815, 630.0962242713341, 632.5753666804387, 630.9952275202825, 627.829603928786, 627.645033616286, 637.5262920673077, 635.9063791128306, 630.4104637732872, 624.4655550443209, 621.7606811523438, 620.506361741286, 621.8532174917368, 620.7990276630109, 622.8338270920974, 621.0943908691406, 621.3557410606971, 625.2802922175481, 630.8526235727163, 630.8226858285757, 625.3899137056791, 622.017573429988, 619.9059307391827, 615.7066157414363, 618.449451153095, 616.43311720628, 616.997563288762, 621.4983684833234, 619.4893869253306, 619.9983520507812, 617.5266394981971, 615.2142028808594]}