{"description": "re-train for test", "num_epoch": 100, "batch_size": 8, "learning_rate": 1e-05, "train_losses": [655.566078491211, 654.700562133789, 653.6829150390626, 652.4904040527343, 651.344849243164, 650.3101104736328, 649.373491821289, 648.5345672607422, 647.7857214355469, 647.1232641601563, 646.7323205566406, 646.6532623291016, 646.5924603271484, 646.5322216796875, 646.4741033935547, 646.4166906738282, 646.3602697753906, 646.3044555664062, 646.2492669677735, 646.1948150634765, 646.1591339111328, 646.153569946289, 646.1480364990234, 646.1426208496093, 646.1372399902343, 646.1318603515625, 646.1264337158203, 646.1209747314454, 646.1155499267578, 646.1101354980469, 646.1065979003906, 646.1060668945313, 646.1055303955078, 646.1049792480469, 646.104443359375, 646.1039294433593, 646.1034118652344, 646.1029071044921, 646.1023748779297, 646.1018560791016, 646.101538696289, 646.1014984130859, 646.1014807128906, 646.1014587402344, 646.1014227294922, 646.101401977539, 646.1013690185547, 646.1013439941406, 646.1013079833984, 646.1012725830078, 646.1012615966797, 646.1012591552734, 646.1012628173828, 646.1012567138672, 646.1012579345703, 646.1012481689453, 646.1012493896484, 646.1012579345703, 646.1012567138672, 646.1012585449218, 646.1012554931641, 646.1012640380859, 646.1012554931641, 646.1012530517578, 646.1012506103516, 646.1012493896484, 646.1012530517578, 646.1012493896484, 646.1012542724609, 646.1012506103516, 646.1012548828126, 646.1012506103516, 646.1012554931641, 646.1012432861328, 646.1012506103516, 646.1012554931641, 646.1012579345703, 646.1012579345703, 646.1012554931641, 646.1012615966797, 646.1012554931641, 646.1012554931641, 646.1012554931641, 646.1012554931641, 646.1012530517578, 646.1012554931641, 646.1012530517578, 646.1012530517578, 646.1012530517578, 646.1012548828126, 646.1012530517578, 646.1012554931641, 646.1012524414062, 646.1012530517578, 646.1012524414062, 646.1012554931641, 646.1012554931641, 646.1012524414062, 646.1012554931641, 646.1012530517578], "val_losses": [733.6651611328125, 686.8348650251116, 685.7416599818638, 683.8956473214286, 682.5049482073102, 681.2681448800223, 680.0838841029575, 679.2693001883371, 678.3233598981585, 677.6002153669085, 676.7335771833148, 676.5423148018973, 676.458988734654, 676.3879045758929, 676.3218383789062, 676.2567836216518, 676.19289289202, 676.1310729980469, 676.0706743512835, 676.0097002301898, 675.9498291015625, 675.9621233258929, 675.9571489606585, 675.9512939453125, 675.9454999651227, 675.9396187918527, 675.9334019252232, 675.9272896902902, 675.9215829031808, 675.9154227120536, 675.9097508021763, 675.9112548828125, 675.9107840401786, 675.9101998465402, 675.9095415387835, 675.9090227399554, 675.9085300990513, 675.9079241071429, 675.9073704310825, 675.9068429129464, 675.9062587193081, 675.9063938685825, 675.9063677106585, 675.9063371930804, 675.9063241141183, 675.9063066755023, 675.90627179827, 675.90625, 675.9062151227679, 675.9061933244977, 675.9061322893415, 675.9061497279575, 675.9061322893415, 675.9061322893415, 675.9061410086496, 675.9061497279575, 675.9061279296875, 675.9061453683036, 675.9061366489956, 675.9061410086496, 675.9061235700335, 675.9061497279575, 675.9061322893415, 675.9061410086496, 675.9061235700335, 675.9061235700335, 675.9061235700335, 675.9061235700335, 675.9061540876116, 675.9061366489956, 675.9061453683036, 675.9061584472656, 675.9061497279575, 675.9061497279575, 675.9061322893415, 675.9061497279575, 675.9061322893415, 675.9061410086496, 675.9061235700335, 675.9061497279575, 675.9061235700335, 675.9061410086496, 675.9061410086496, 675.9061410086496, 675.9061410086496, 675.9061235700335, 675.9061235700335, 675.9061235700335, 675.9061410086496, 675.9061235700335, 675.9061235700335, 675.9061235700335, 675.9061235700335, 675.9061235700335, 675.9061235700335, 675.9061235700335, 675.9061235700335, 675.9061235700335, 675.9061235700335, 675.9061235700335, 675.9061235700335]}