{"train_loss": [156.0342896270752, 154.39119651794434, 152.7951107788086, 151.27794471740722, 150.0832772064209, 149.27348793029785, 148.68136619567872, 148.22617012023926, 147.8834076690674, 147.59905166625975, 147.35215629577635, 147.13321563720703, 146.93645790100098, 146.7590761566162, 146.60427436828613, 146.46391380310058, 146.33666061401368, 146.2225343322754, 146.12169746398925, 146.0323542022705, 145.95203025817872, 145.8788356781006, 145.8113706970215, 145.7493238067627, 145.69219314575196, 145.63972946166993, 145.59121070861818, 145.54643074035644, 145.50462692260743, 145.46533546447753], "val_loss": [168.62884345421423, 166.680785545936, 165.00706892747147, 163.5032741840069, 162.46092224121094, 161.77637129563553, 161.2147445678711, 160.82051731989935, 160.51111309344952, 160.23862046461838, 159.9915325458233, 159.77079186072717, 159.5752980158879, 159.39920337383563, 159.23816915658804, 159.09325350247897, 158.96067575307993, 158.84398768498346, 158.73853595440204, 158.64554009070764, 158.56302055945764, 158.4895494901217, 158.42273242657, 158.36377598689154, 158.31075110802283, 158.26200045072116, 158.21671295166016, 158.17527536245493, 158.13623575063852, 158.09955127422626], "metadata": {"description": "Train without visibility map, only use edge map", "num_epoch": 30, "batch_size": 8, "criterion": "CrossEntropyLoss", "learning_rate": 0.0001}}