{"train_loss": [156.0869596862793, 154.36463691711427, 152.70630165100098, 151.1753630065918, 150.13923583984376, 149.41192825317384, 148.8173557281494, 148.35458786010742, 147.99857704162596, 147.71552871704102, 147.4749461364746, 147.2651501464844, 147.0822696685791, 146.91677856445312, 146.7615592956543, 146.60071647644043, 146.41138511657715, 146.27895957946777, 146.17201820373535, 146.07897514343261, 145.9966135406494, 145.92313552856444, 145.85732597351074, 145.79715232849122, 145.7402604675293, 145.68731018066407, 145.64069618225096, 145.59391395568846, 145.55134078979492, 145.50920028686522, 145.47067527770997, 145.4329817199707, 145.39801719665527, 145.36394981384277, 145.3320987701416, 145.30032669067384, 145.2716286468506, 145.24134971618653, 145.21194519042967, 145.18428596496582, 145.15738533020019, 145.13090751647948, 145.10505920410156, 145.08010383605958, 145.0557861328125, 145.03245361328126, 145.01000984191896, 144.98849029541014, 144.96735549926757, 144.94660415649415, 144.92624046325685, 144.9058996582031, 144.88643745422362, 144.86705863952636, 144.84753982543944, 144.8274941253662, 144.80761901855467, 144.78869819641113, 144.7708945465088, 144.75397941589355, 144.73765228271483, 144.72210762023926, 144.70686408996582, 144.69141227722167, 144.6757913970947, 144.6605216217041, 144.6456974029541, 144.6312149810791, 144.6169948577881, 144.6030500793457, 144.5891332244873, 144.5752791595459, 144.56163078308106, 144.5480606842041, 144.5346002960205, 144.52143226623537, 144.508402633667, 144.4956884765625, 144.48319747924805, 144.4709097290039, 144.4587425994873, 144.4467253112793, 144.43500205993652, 144.42343589782715, 144.41195152282714, 144.40076553344727, 144.38991409301758, 144.37941268920898, 144.3688986968994, 144.35871231079102, 144.34835441589357, 144.3379832458496, 144.3276505279541, 144.31755104064942, 144.3080128479004, 144.29917625427245, 144.29128425598145, 144.28467987060546, 144.27735816955567, 144.26648551940917], "val_loss": [168.6911075298603, 166.62086310753455, 164.8539328941932, 163.38644409179688, 162.50678898737982, 161.8596684382512, 161.33802912785455, 160.89806189903845, 160.56108914888821, 160.29686032808743, 160.0770498422476, 159.87734867976263, 159.69591522216797, 159.5272410466121, 159.36464456411508, 159.16229541485126, 158.99659024752103, 158.8724611722506, 158.76639674260065, 158.6739044189453, 158.59297649676984, 158.52294217623196, 158.4617245013897, 158.40642488919772, 158.35278965876654, 158.3055701622596, 158.2607938326322, 158.2169700035682, 158.17350358229416, 158.1356676541842, 158.0965599646935, 158.06377058762772, 158.02906564565805, 157.9972909780649, 157.96647057166467, 157.93883220966046, 157.91031411977914, 157.8837638268104, 157.86024533785306, 157.83728672907904, 157.8133034339318, 157.79024505615234, 157.76847956730768, 157.74772467980017, 157.7280555138221, 157.70882415771484, 157.69043555626502, 157.67193427452673, 157.6531718327449, 157.6344017615685, 157.61666635366586, 157.59859114426834, 157.5806403526893, 157.562866797814, 157.5459207388071, 157.52801807110126, 157.51111485407904, 157.49503267728366, 157.47967587984525, 157.464599609375, 157.45055389404297, 157.43702052189752, 157.42461395263672, 157.4123981182392, 157.3996781569261, 157.38634549654446, 157.37291189340445, 157.35972536527194, 157.34698075514572, 157.33455188457782, 157.32183603140024, 157.30969707782452, 157.29852529672476, 157.28670501708984, 157.2765367948092, 157.2656484750601, 157.25573202279898, 157.2460391704853, 157.23629349928635, 157.22703258807843, 157.2168937096229, 157.20759875957782, 157.1983419565054, 157.1885029719426, 157.17918630746695, 157.16968184251053, 157.16097435584436, 157.15068875826321, 157.14006805419922, 157.12867149939905, 157.11633476844202, 157.10454500638522, 157.09375762939453, 157.0839104285607, 157.0755333533654, 157.0695536686824, 157.06636810302734, 157.0643592247596, 157.05762833815353, 157.04767549954929], "metadata": {"description": "Train without visibility map, only use edge map", "num_epoch": 100, "batch_size": 8, "criterion": "CrossEntropyLoss", "learning_rate": 0.0001}}