{"train_loss": [3254.9912145996095, 3248.9447998046876, 3248.616895751953, 3248.5649951171877, 3248.5433947753904, 3248.532366943359, 3248.5240893554687, 3248.516710205078, 3248.509108886719, 3248.5001904296873, 3248.4884118652344, 3248.4726037597657, 3248.448963623047, 3248.413984375, 3248.3687854003906, 3248.2902587890626, 3248.0953735351563, 3247.883192138672, 3247.7277392578126, 3247.622882080078, 3247.5498596191405, 3247.428643798828, 3247.1722045898437, 3246.9587658691407, 3246.8560961914063, 3246.8031970214843, 3246.747839355469, 3246.7107116699217, 3246.67958984375, 3246.651779785156], "val_loss": [3520.157489483173, 3519.128436748798, 3519.022752028245, 3518.9849853515625, 3518.965275691106, 3518.9535851111777, 3518.945500300481, 3518.9383920522837, 3518.9313213641826, 3518.922607421875, 3518.9120060847354, 3518.8924560546875, 3518.866473858173, 3518.820124699519, 3518.776799128606, 3518.814453125, 3518.435734675481, 3518.2198204627402, 3518.1548790564902, 3518.1033372145434, 3518.036330003005, 3517.741004356971, 3517.493126502404, 3517.384962815505, 3517.3111572265625, 3517.2408259465146, 3517.20161320613, 3517.1701941856973, 3517.142559344952, 3517.1165583683896]}