{"metadata": {"description": "train with a linear combination loss of MSE and MAE, 0.99 MAE + 0.01 MSE", "num_epoch": 100, "criterion": "WeightedLinearCombineLoss", "batch_size": 8, "learning_rate": 1e-05}, "train_loss": [9.928331928253174, 9.920442848205566, 9.917641010284424, 9.916101932525635, 9.915080280303956, 9.914325408935547, 9.913720798492431, 9.913215351104736, 9.91278533935547, 9.912412109375, 9.91208083152771, 9.911788883209228, 9.911526260375977, 9.911286306381225, 9.91106770515442, 9.91087082862854, 9.910691108703613, 9.910524883270263, 9.910379400253296, 9.910243406295777, 9.910118932723998, 9.910009727478027, 9.909904670715331, 9.909805479049682, 9.909716577529908, 9.909636678695678, 9.909565324783324, 9.909499588012695, 9.909441633224487, 9.909391021728515, 9.909346237182618, 9.909305601119994, 9.909264144897461, 9.90923023223877, 9.909201002120971, 9.909175605773926, 9.909150114059448, 9.909126873016357, 9.909108295440674, 9.909091634750366, 9.909076843261719, 9.909064416885377, 9.909053077697754, 9.909042100906372, 9.909032430648804, 9.909024753570556, 9.909017028808593, 9.90901026725769, 9.909004583358765, 9.908999271392823, 9.908994817733765, 9.908988962173462, 9.908984870910645, 9.908981533050538, 9.90897813796997, 9.908974561691284, 9.90897180557251, 9.908968915939331, 9.908966560363769, 9.908964233398438, 9.90896195411682, 9.908959274291993, 9.908958368301391, 9.908956117630005, 9.908955221176148, 9.90895302772522, 9.908951816558838, 9.908950595855712, 9.90894949913025, 9.908948726654053, 9.908949756622315, 9.908949337005616, 9.908948097229004, 9.908945474624634], "val_loss": [10.498025212969099, 10.492690426962715, 10.49299430847168, 10.492081982748848, 10.491176673344203, 10.490539755140032, 10.490083694458008, 10.489588328770228, 10.489149706704277, 10.488750798361641, 10.488432134900775, 10.488130296979632, 10.487846987588066, 10.487613541739327, 10.48740530014038, 10.487221377236503, 10.487037522452217, 10.486917563847133, 10.486723899841309, 10.486595085689, 10.486509595598493, 10.48637614931379, 10.486253534044538, 10.486161572592598, 10.486091273171562, 10.486022063664027, 10.485950946807861, 10.485888685498919, 10.485844680241176, 10.48580094746181, 10.485758781433105, 10.485713073185511, 10.485674721854073, 10.485638005392891, 10.485613005501884, 10.485585689544678, 10.485560621534075, 10.485548496246338, 10.485524790627617, 10.485509531838554, 10.485495431082589, 10.485484668186732, 10.48547261101859, 10.485463687351771, 10.485455444880895, 10.485447883605957, 10.485441616603307, 10.485435349600655, 10.485429831913539, 10.485426289694649, 10.485421180725098, 10.485417229788643, 10.485414164406913, 10.485411780221122, 10.48540871483939, 10.48540551321847, 10.485402992793492, 10.485401221684047, 10.485398496900286, 10.485397679465157, 10.485396317073278, 10.485394954681396, 10.485393796648298, 10.485392570495605, 10.485391753060478, 10.485391344342913, 10.48539045878819, 10.485389845711845, 10.485389028276716, 10.485389981951032, 10.485390118190221, 10.485390867505755, 10.485392366136823, 10.485390731266566]}