{"metadata": {"description": "train with BECLoss classic", "num_epoch": 100, "criterion": "WeightedBCELoss", "batch_size": 8, "learning_rate": 5e-05}, "train_loss": [3.48283597946167, 3.082614336013794, 2.8349821376800537, 2.6952995681762695, 2.603421993255615, 2.5423316669464113, 2.4976062965393067, 2.4620847797393797, 2.431477861404419, 2.4040725421905518, 2.3797194862365725, 2.357007122039795, 2.3349463653564455, 2.307969026565552, 2.2794554138183596, 2.251323728561401, 2.2244572830200195, 2.197759246826172, 2.172488956451416, 2.1482539558410645, 2.1266401624679565, 2.1053358364105224, 2.0862361574172974, 2.068935294151306, 2.0528385782241823, 2.03951949596405, 2.025646333694458, 2.0118176460266115, 1.99764901638031, 1.9833598041534424, 1.9694093132019044, 1.9545379543304444, 1.9403286600112915, 1.924504690170288, 1.9083725500106812, 1.890593867301941, 1.8696688652038573, 1.851145896911621, 1.8370607900619507, 1.8203220796585082, 1.81679132938385, 1.8187092304229737, 1.8157428550720214, 1.7893944883346558, 1.7760172748565675, 1.7591041612625122, 1.7529640483856201, 1.7442719316482544, 1.741347975730896, 1.7262937259674072, 1.7078987121582032, 1.6968301486968995, 1.6961242485046386, 1.678034520149231, 1.6700862550735474, 1.6594809818267822, 1.6501223039627075, 1.6431011533737183, 1.6336097526550293, 1.628232355117798, 1.618145809173584, 1.611985239982605, 1.60722731590271, 1.5991785955429076, 1.5920493745803832, 1.5850967836380006, 1.5779832220077514, 1.5684568691253662, 1.5614166069030762, 1.556374053955078, 1.551425814628601, 1.545949101448059, 1.5391788816452026, 1.5334253740310668, 1.526090807914734, 1.517436785697937, 1.5106079769134522, 1.5071341466903687, 1.5029775524139404, 1.4975061988830567, 1.4891198825836183, 1.4857881593704223, 1.4768469333648682, 1.4693485403060913, 1.4600590705871581, 1.4524320840835572, 1.4489488887786866, 1.4452064371109008, 1.4351142740249634, 1.423450198173523, 1.4098725366592406, 1.3944513177871705, 1.3879686355590821, 1.3798273849487304, 1.3727088260650635, 1.3671454191207886, 1.3625918579101564, 1.358184118270874, 1.3592926120758058, 1.353750605583191], "val_loss": [3.183931691305978, 2.9441540581839427, 2.7746324879782542, 2.667043856212071, 2.597477844783238, 2.542843988963536, 2.5010735307421004, 2.4646538325718472, 2.4348816531045094, 2.4103007316589355, 2.3875928946903775, 2.3680756432669505, 2.3494996343340193, 2.318725756236485, 2.2915419851030623, 2.2647584847041538, 2.2319375787462508, 2.207219021660941, 2.1794080393654958, 2.163240875516619, 2.1368180343082974, 2.123565196990967, 2.1084602900913785, 2.092515707015991, 2.07768566267831, 2.0455202886036465, 2.033837250300816, 2.0238537958690097, 2.0115431547164917, 1.9999352523258753, 1.9843894754137312, 1.9661917005266463, 1.9653092282158988, 1.9864757571901595, 1.9248325995036535, 1.9005413566316878, 1.881028175354004, 1.9146632977894373, 1.8929826872689384, 1.9774289301463537, 1.8825329371861048, 1.926458171435765, 1.8186051504952567, 1.87490371295384, 1.8735557794570923, 1.9698900495256697, 1.8518010207584925, 1.8247615609850203, 1.773192320551191, 1.793210472379412, 1.784759283065796, 1.7591989040374756, 1.742263640676226, 1.756287625857762, 1.7514662912913732, 1.7356137888772147, 1.7565150601523263, 1.7153112888336182, 1.7271444627216883, 1.730774998664856, 1.7350361858095442, 1.7031916209629603, 1.681251815387181, 1.6895469767706734, 1.6618448836462838, 1.6564977339335851, 1.651949405670166, 1.6757118361336845, 1.6508201701300484, 1.6311120305742537, 1.615973881312779, 1.6250792571476527, 1.6435261964797974, 1.6033833708081926, 1.6066296781812395, 1.6147740909031458, 1.6286033221653529, 1.6307160684040614, 1.590090002332415, 1.6090376036507743, 1.6067235469818115, 1.636235169001988, 1.5841858216694422, 1.5751905952181136, 1.5639503513063704, 1.5984429631914412, 1.617669599396842, 1.6011851174490792, 1.5643302372523717, 1.5508716447012765, 1.5371909822736467, 1.554604939052037, 1.538723111152649, 1.5391456910542078, 1.5341535806655884, 1.549057160105024, 1.5335163388933455, 1.530206629208156, 1.5149269274302892, 1.5569443021501814]}