{"metadata": {"description": "GT with mean blur", "num_epoch": 100, "criterion": "WeightedMSELossWithMeanBlur", "batch_size": 8, "learning_rate": 5e-05}, "train_loss": [213.89327453613282, 211.26926452636718, 209.7284094238281, 208.71645599365235, 207.81862182617186, 206.89618347167968, 205.98010192871095, 205.07245697021483, 204.1295428466797, 203.1869239807129, 202.26155181884766, 201.33056869506837, 200.48187469482423, 199.58182525634766, 198.68377960205078, 197.9084846496582, 197.20859893798828, 196.74002365112304, 196.05967498779296, 195.5136424255371, 195.10987487792968, 194.73861587524414, 194.38060348510743, 193.96379470825195, 193.48986434936523, 192.9510185241699, 192.5035235595703, 192.21138916015624, 192.15835769653322, 191.8565184020996, 191.60205551147462, 191.43374084472657, 190.98020462036132, 190.52856826782227, 190.23151962280272, 190.01504272460937, 189.78859451293945, 189.37159118652343, 189.0270620727539, 188.80322204589845, 188.5216734313965, 188.4103630065918, 188.31380126953124, 188.1600550842285, 188.15256713867188, 187.86407791137697, 187.6468476867676, 186.94392288208007, 186.59910797119142, 186.39932373046875, 186.34813201904296, 186.32275329589845, 186.21690826416017, 185.77401733398438, 185.09311508178712, 185.00081283569335, 185.16124633789062, 184.9190200805664, 184.5668046569824, 184.4302536010742, 184.26532897949218, 184.05471069335937, 183.83755187988282, 183.76542190551757, 183.50967758178712, 183.30904724121095, 183.03736511230468, 182.79314239501954, 182.69061004638672, 182.51682189941405, 182.24248626708984, 182.012470703125, 181.44056274414064, 181.3756768798828, 181.1649156188965, 181.02514038085937, 180.58407318115235, 180.59741622924804, 180.4289108276367, 180.12453277587892, 180.0775244140625, 180.1717514038086, 180.0349856567383, 179.63552963256836, 179.18750671386718, 178.58109085083007, 177.1444465637207, 176.47186477661134, 175.8271485900879, 175.1838003540039, 174.42893539428712, 174.29754425048827, 174.2347427368164, 173.5129196166992, 172.30918548583983, 171.70443313598633, 171.37112243652345, 171.24070373535156, 170.85339584350587, 170.59737197875975], "val_loss": [226.48939187186105, 222.89054216657365, 221.98137773786272, 220.54527500697546, 219.41571698869978, 218.63429805210657, 218.8524682181222, 218.14554595947266, 218.02500915527344, 216.9320580618722, 215.6920427594866, 214.6254599434989, 212.56825801304407, 211.58492715018136, 210.28241075788225, 209.47755214146204, 209.1534151349749, 207.6584189278739, 207.46010044642858, 207.46995326450892, 209.22456686837333, 208.8192400251116, 210.60997881208147, 208.6143068586077, 207.36803545270647, 207.1943806239537, 207.55715833391463, 205.73840659005302, 205.32368905203683, 205.78549194335938, 204.74876948765345, 204.1871381487165, 203.89963858468192, 203.97697121756417, 206.4224897112165, 205.75984627859933, 203.60654885428292, 204.10898808070593, 202.4676273890904, 203.2687497820173, 203.50153459821428, 202.59410095214844, 201.57175881522042, 202.97125462123327, 201.98323495047433, 202.47394670758928, 202.92276545933314, 203.12079293387276, 201.3352824619838, 201.95116533551897, 202.39027295793807, 202.24045998709542, 202.54395839146204, 201.32657296316964, 200.40162876674108, 199.98194013323103, 201.04474639892578, 200.37625122070312, 201.04422869001115, 199.74309866768974, 199.8927001953125, 200.00594220842635, 200.68082101004464, 201.5272489275251, 199.638306753976, 200.82208578927177, 200.97330583844865, 200.86856297084265, 201.43447984967912, 199.60203770228796, 201.25372859409876, 198.7653034755162, 198.10341208321708, 198.62579454694475, 200.96871730259485, 198.95064544677734, 198.31982639857702, 197.29454585484095, 201.3561499459403, 198.2085462297712, 202.3424312046596, 198.0731658935547, 199.0994360787528, 198.9722442626953, 200.55422864641463, 194.81810324532645, 192.99096897670202, 194.34496852329798, 193.71713038853235, 193.16662379673548, 193.7773949759347, 191.2888674054827, 193.66598619733537, 193.41410391671317, 191.76692090715682, 190.45084490094865, 190.45091901506697, 191.09884643554688, 190.13508823939733, 189.50532422746932]}