{"metadata": {"description": "change loss to MAE", "num_epoch": 100, "batch_size": 8, "criterion": "L1Loss", "learning_rate": 0.0001}, "train_loss": [3.4308575582504273, 3.4013171195983887, 3.3931371927261353, 3.390097279548645, 3.388762581348419, 3.388380346298218, 3.388166081905365, 3.3880658960342407, 3.388027768135071, 3.38799533367157, 3.3879799103736876, 3.3879629588127136, 3.3879519081115723, 3.3879406380653383, 3.3879364132881165, 3.387931516170502, 3.3879257082939147, 3.3879240012168883, 3.387929151058197, 3.387925670146942, 3.3879173231124877, 3.3879152297973634, 3.387910418510437, 3.3879109144210817, 3.387907536029816, 3.3879082369804383, 3.387908146381378, 3.387909035682678, 3.38790593624115, 3.3879074025154114, 3.387903914451599, 3.3879039907455444, 3.3879103112220763, 3.3879053258895873, 3.387910327911377, 3.3879055619239806, 3.3879054498672487, 3.3879079413414, 3.387903780937195, 3.387901566028595, 3.3879019522666933, 3.387902767658234, 3.3879037880897522, 3.38790358543396, 3.387900676727295, 3.3879023361206055, 3.3879021072387694, 3.38790363073349, 3.3879025769233704, 3.3879041647911072, 3.3879033446311952, 3.3879023456573485, 3.387905066013336, 3.3879021215438843, 3.387903165817261, 3.387904291152954, 3.387905023097992, 3.387905237674713, 3.387904427051544, 3.387902252674103, 3.3879020690917967, 3.387904176712036, 3.3879005789756773, 3.38790244102478, 3.3879022145271303, 3.3879045343399046, 3.387902870178223, 3.387902147769928, 3.38790274143219, 3.3879006147384643, 3.3879031896591187, 3.3879047894477843, 3.3879042267799377, 3.3879001045227053, 3.387902991771698, 3.3879038500785827, 3.3879011249542237, 3.3879006266593934, 3.387902166843414, 3.387901723384857, 3.3879016542434695, 3.387900326251984, 3.3879057812690734, 3.3878984332084654, 3.3879019594192505, 3.3879036355018615, 3.3879012131690978, 3.3879005813598635, 3.3879023790359497, 3.3879022812843322, 3.387899115085602, 3.3878996706008913, 3.3879009079933167, 3.3879017639160156, 3.387901072502136, 3.3879089546203613, 3.387903218269348, 3.38790233373642, 3.3879011511802672, 3.387902252674103], "val_loss": [3.7899462443131666, 3.778422392331637, 3.7714339311306295, 3.769289676959698, 3.768454148219182, 3.76822645847614, 3.76815940783574, 3.7681191242658176, 3.768110807125385, 3.768104764131399, 3.7680926414636464, 3.768075521175678, 3.7680716697986307, 3.768058474247272, 3.7680600789877086, 3.76804990034837, 3.768053421607384, 3.768053439947275, 3.768056768637437, 3.768049570230337, 3.7680421425746036, 3.7680440682631273, 3.768032899269691, 3.76803968502925, 3.76804388486422, 3.768038749694824, 3.768038355387174, 3.7680374567325297, 3.7680437656549306, 3.768035595233624, 3.7680305517636814, 3.76804126225985, 3.768044590950012, 3.7680374750724206, 3.768040739572965, 3.7680494968707743, 3.768041491508484, 3.768051890226511, 3.768032587491549, 3.7680338070942807, 3.7680358519920936, 3.768035677763132, 3.7680456730035634, 3.768038089458759, 3.768044590950012, 3.7680400609970093, 3.7680392998915453, 3.7680321656740627, 3.768046892606295, 3.7680461406707764, 3.7680335686757016, 3.7680419958554783, 3.768038648825425, 3.7680335411658654, 3.768037887719961, 3.768037750170781, 3.7680306342931895, 3.7680395933297963, 3.768044196642362, 3.768040657043457, 3.76803181721614, 3.768035265115591, 3.7680385387860813, 3.7680392907216, 3.76803274338062, 3.7680285343757043, 3.768035861162039, 3.768037585111765, 3.768038612145644, 3.7680363013194156, 3.768040950481708, 3.768041280599741, 3.7680358244822574, 3.768033128518325, 3.768039584159851, 3.7680401985461893, 3.7680352742855368, 3.7680375576019287, 3.7680359803713284, 3.7680373191833496, 3.768036732306847, 3.7680390981527476, 3.768029368840731, 3.7680348799778867, 3.7680464891286998, 3.768042197594276, 3.7680288461538463, 3.7680414731685934, 3.7680446001199575, 3.7680450402773342, 3.7680328442500186, 3.768032358242915, 3.7680312303396373, 3.768036833176246, 3.768038740524879, 3.768050056237441, 3.768028552715595, 3.7680335411658654, 3.7680327617205105, 3.7680357969724216]}