{"metadata": {"description": "re-train with MAE after restruction of loss classes", "num_epoch": 50, "criterion": "WeightedMAELoss", "batch_size": 8, "learning_rate": 5e-05}, "train_loss": [3.4281067085266113, 3.4049364376068114, 3.3992035675048826, 3.395901756286621, 3.3936830806732177, 3.3925930738449095, 3.3910927677154543, 3.3898337841033936, 3.3893000650405884, 3.3888819885253905, 3.3886466884613036, 3.3884437799453737, 3.3883829927444458, 3.388313364982605, 3.388262348175049, 3.388098359107971, 3.3880209493637086, 3.387981638908386, 3.3879740047454834, 3.387965455055237, 3.3879615259170532, 3.387959318161011, 3.387955594062805, 3.387951159477234, 3.387948818206787, 3.3879369640350343, 3.387924175262451, 3.387919068336487, 3.3879223251342774, 3.387914481163025, 3.3879132604599, 3.3879160356521605, 3.387912783622742, 3.38791024684906, 3.387907853126526, 3.387913603782654, 3.3879081201553345, 3.387903861999512, 3.38790876865387, 3.387908477783203, 3.38790985584259, 3.3879052639007567, 3.38790452003479, 3.387901782989502, 3.3879050493240355, 3.387904086112976, 3.3879031467437746, 3.3879031133651734, 3.3879024362564087, 3.387906608581543], "val_loss": [3.6723655632564, 3.6622603961399625, 3.6609132289886475, 3.6594676971435547, 3.6595826148986816, 3.6571317400251115, 3.6564623968941823, 3.65549830027989, 3.6552554879869734, 3.6551759583609447, 3.6549645492008755, 3.654756171362741, 3.654778855187552, 3.654646498816354, 3.6545941829681396, 3.6546076025281633, 3.6546017783028737, 3.654593058994838, 3.654583590371268, 3.6545781748635426, 3.654578753880092, 3.654569693974086, 3.6545694214957103, 3.6545777320861816, 3.654589993613107, 3.6545815467834473, 3.654570068631853, 3.6545753138405934, 3.654564005987985, 3.654566219874791, 3.6545633929116383, 3.654581308364868, 3.654559816632952, 3.654559407915388, 3.654562847954886, 3.654562847954886, 3.6545634950910295, 3.6545577389853343, 3.6545729296548024, 3.654568774359567, 3.654560531888689, 3.6545588970184326, 3.65455995287214, 3.654559544154576, 3.654559169496809, 3.6545611109052385, 3.654562609536307, 3.6545565809522356, 3.654553311211722, 3.654556546892439]}