{"metadata": {"description": "train with NMS, Sobel for Gx and Gy", "num_epoch": 100, "criterion": "WeightedMSELoss", "batch_size": 8, "learning_rate": 0.0001}, "train_loss": [0.04300047442317009, 0.0350553959608078, 0.033520166724920274, 0.03297392960637808, 0.03264668229967356, 0.032467056661844254, 0.03237442791461945, 0.03220691375434399, 0.032086031809449196, 0.0320001108199358, 0.03193469561636448, 0.03187741447240114, 0.031816276460886, 0.031759322099387644, 0.03170732419937849, 0.031650162041187285, 0.031602135449647906, 0.03155766654759645, 0.03150925200432539, 0.031464888602495196, 0.031426990032196046, 0.03138098135590553, 0.031335016675293446, 0.031297911517322065, 0.03125506535172463, 0.031207997053861618, 0.031157094091176986, 0.031095109805464746, 0.031011160351336, 0.030895030349493025, 0.030781637467443942, 0.030675324499607085, 0.030576271563768388, 0.030497845225036145, 0.03041833907365799, 0.03033791549503803, 0.030282952636480332, 0.030210458151996137, 0.030113969407975675, 0.030004667937755584, 0.029895112849771976, 0.02980804953724146, 0.02974861528724432, 0.02968888945877552, 0.02958723537623882, 0.029477375894784927, 0.029397871904075147, 0.029321438744664193, 0.02922177728265524, 0.02910934988409281, 0.029046765081584453, 0.029032668806612493, 0.028931459486484526, 0.028817717991769312, 0.02873467955738306, 0.028672295697033404, 0.028608775958418847, 0.028500827960669994, 0.028399466946721078, 0.028301654644310476, 0.02823199938982725, 0.02812844965606928, 0.027973586842417717, 0.02786401443183422, 0.027794695161283016, 0.027701740339398383, 0.027599216103553773, 0.027613204568624497, 0.027583177499473095, 0.02756335213780403, 0.02747226234525442, 0.02735868565738201, 0.027245536707341672, 0.027186941653490067, 0.027117073498666287, 0.02702273704111576, 0.026935594119131566, 0.026858202181756496, 0.02683633431792259, 0.026823750473558904, 0.0267979334294796, 0.0267501462996006, 0.026649035736918448, 0.026590326614677907, 0.026496918015182017, 0.026460482999682428, 0.026380616649985315, 0.02633027210831642, 0.026276531144976616, 0.02620590079575777, 0.02612247746437788, 0.02602289158850908, 0.02595253400504589, 0.02592100579291582, 0.025866929404437543, 0.02577984657138586, 0.02570938155055046, 0.02567281574010849, 0.02561460603028536, 0.025611305534839632], "val_loss": [0.03895906758095537, 0.03641946640397821, 0.035119574783103805, 0.034672580393297334, 0.03449214143412454, 0.0344562152666705, 0.0342998102839504, 0.034245547971555164, 0.03408361891550677, 0.03403470053204468, 0.033969150590045114, 0.033885602706245015, 0.033868550189903805, 0.03377536152090345, 0.03370925757501807, 0.03367208370140621, 0.033618719183972905, 0.03357599675655365, 0.03352921562535422, 0.033494643068739345, 0.03345295786857605, 0.03342978869165693, 0.03340155764349869, 0.0333671649651868, 0.03338434227875301, 0.03334998499069895, 0.03327361760394914, 0.03323834841804845, 0.03317060135304928, 0.033045980014971325, 0.03293325858456748, 0.03282517593886171, 0.0327837842383555, 0.03275811778647559, 0.032776891120842526, 0.032663032678621154, 0.03264893405139446, 0.03261587529310158, 0.03254351871354239, 0.032552755304745266, 0.03257841031466212, 0.03256257064640522, 0.03251611441373825, 0.03247374588889735, 0.03248809224792889, 0.032476576045155525, 0.03244113549590111, 0.032378436997532845, 0.03240721672773361, 0.03236633911728859, 0.03242169826158455, 0.03241439802306039, 0.03239426628819534, 0.03239379104759012, 0.03225837568087237, 0.032297312415071895, 0.032324910696063726, 0.03229457352842603, 0.032243159732648304, 0.032236122127090185, 0.03222590924373695, 0.03225843209241118, 0.03213362315935748, 0.032137764883892875, 0.03212021131600652, 0.03216302501303809, 0.03222422514642988, 0.03216096705624035, 0.03215189091861248, 0.03216387118612017, 0.03211571515670845, 0.03214959294668266, 0.03212871588766575, 0.032157699444464276, 0.03213488709713731, 0.03206621749060495, 0.032057209472571103, 0.032073745504021645, 0.032086005700486045, 0.03206708601542881, 0.03204497508704662, 0.031971855621252744, 0.03208167531660625, 0.03198430314660072, 0.031985700130462646, 0.0319968829197543, 0.03200336332832064, 0.03198389682386603, 0.03203060052224568, 0.0319307374634913, 0.03195476425545556, 0.03194744672094073, 0.03200616953628404, 0.032021106886012216, 0.031930673335279734, 0.03193850735468524, 0.03206691172506128, 0.03198760880955628, 0.031986426029886515, 0.03199258766004017]}