{"metadata": {"description": "GT with dilatation", "num_epoch": 100, "criterion": "WeightedMSELossWithDilatation", "batch_size": 8, "learning_rate": 5e-05}, "train_loss": [2401.4416918945312, 2378.925686035156, 2355.085861816406, 2327.9368115234374, 2300.6420654296876, 2275.365793457031, 2251.5090014648435, 2229.536794433594, 2208.7677783203126, 2187.937897949219, 2171.0166137695314, 2152.433854980469, 2134.753828125, 2118.7160205078126, 2100.8574658203124, 2085.4918823242188, 2073.00412109375, 2059.9235571289064, 2044.013134765625, 2028.2336059570312, 2013.7390454101562, 2000.3677685546875, 1989.7734204101562, 1976.270234375, 1964.4888110351562, 1954.1161108398437, 1941.226416015625, 1926.922373046875, 1914.0464379882812, 1902.3813012695311, 1893.30095703125, 1886.9766650390625, 1878.3233056640624, 1868.786650390625, 1862.3425805664062, 1857.0541137695313, 1842.9452124023437, 1827.8494213867189, 1818.4068432617187, 1809.9926928710938, 1806.3988354492187, 1803.3161865234374, 1793.1788989257811, 1781.5951318359375, 1773.2540234375, 1769.6861645507813, 1762.990078125, 1751.9618823242188, 1741.08599609375, 1729.76580078125, 1720.216044921875, 1712.4423901367188, 1707.0066259765624, 1703.655751953125, 1699.9867822265626, 1693.82896484375, 1683.0075756835938, 1671.9384521484376, 1664.3705200195313, 1657.89412109375, 1652.5764990234375, 1648.2226611328124, 1643.358154296875, 1636.8758325195313, 1627.7733935546876, 1621.4890844726563, 1616.0503564453124, 1610.1391625976562, 1603.0673999023438, 1596.2772583007813, 1592.2082446289062, 1588.6313598632812, 1585.1026806640625, 1573.9475170898438, 1568.00095703125, 1562.65931640625, 1558.7488940429687, 1555.4466247558594, 1550.4831884765624, 1548.5998950195312, 1542.8158422851564, 1538.0772790527344, 1544.9107495117187, 1539.678984375, 1519.3276989746093, 1510.2995764160157, 1505.6171447753907, 1502.5751806640626, 1501.2944177246093, 1496.120408935547, 1498.4815246582032, 1498.35435546875, 1490.8495544433595, 1482.8726708984375, 1478.134766845703, 1470.029599609375, 1465.5478723144531, 1461.0586547851562, 1459.4233752441405, 1455.7889379882813], "val_loss": [2531.749197823661, 2503.6021554129466, 2484.8408726283483, 2461.3840680803573, 2424.5953543526784, 2393.550798688616, 2375.98282296317, 2367.5452880859375, 2361.5259137834823, 2348.945818219866, 2333.5874546595983, 2327.9678955078125, 2281.2540108816966, 2253.245762416295, 2234.483869280134, 2199.11532156808, 2204.107683454241, 2175.470476422991, 2165.856113978795, 2134.2433558872767, 2138.152186802455, 2110.0766252790177, 2111.568533761161, 2127.545148577009, 2121.6595458984375, 2101.824689592634, 2107.353690011161, 2094.838535853795, 2067.017508370536, 2073.786307198661, 2033.0944649832588, 2040.3845040457588, 2049.0875069754466, 2028.7235456194196, 2004.7159772600446, 2003.134242466518, 2014.7421700613838, 1999.8409772600446, 1980.081089564732, 1979.1275285993304, 1951.0627964564733, 1952.9300711495537, 1937.659388950893, 1923.1637311662946, 1938.8036063058037, 1939.9395054408483, 1953.622767857143, 1938.0899135044642, 1933.4180559430804, 1904.8332345145088, 1908.5637904575892, 1903.081089564732, 1905.2735770089287, 1908.3620779854912, 1860.4009312220983, 1868.3838588169642, 1852.7051478794642, 1852.8289969308037, 1845.843784877232, 1845.0462472098213, 1857.4233572823662, 1830.9730747767858, 1833.0781773158483, 1828.8483712332588, 1818.3477783203125, 1803.1170828683037, 1797.9697875976562, 1804.235142299107, 1798.7935965401787, 1797.7962646484375, 1778.482212611607, 1778.8778337751116, 1770.941371372768, 1789.4569091796875, 1788.0470493861608, 1780.3123168945312, 1781.5285382952009, 1760.3799002511162, 1741.6188267299108, 1743.5459769112724, 1799.0169328962054, 1756.9161289760045, 1828.435302734375, 1794.2322562081474, 1741.3140956333705, 1726.9112112862724, 1736.216064453125, 1799.1102992466517, 1818.0416782924108, 1735.1600341796875, 1708.8965977260045, 1703.7559901646205, 1721.6605922154017, 1710.030970982143, 1735.85111781529, 1745.2144949776787, 1719.2766374860491, 1693.404288155692, 1690.711948939732, 1698.4338117327009]}